CreditScore,Geography,Gender,Age,Tenure,Balance,NumOfProducts,HasCrCard,IsActiveMember,EstimatedSalary,churned
624.0,2.0,0.0,34.0,6.0,0.0,1.0,1.0,0.0,582.59,1.0
546.0,0.0,0.0,52.0,2.0,0.0,1.0,1.0,0.0,137332.37,1.0
531.0,0.0,0.0,47.0,6.0,0.0,1.0,0.0,0.0,194998.34,1.0
596.0,0.0,1.0,33.0,8.0,0.0,1.0,1.0,0.0,121189.3,1.0
551.0,0.0,1.0,42.0,2.0,139561.46,1.0,1.0,0.0,43435.43,1.0
665.0,1.0,0.0,37.0,3.0,111911.63,1.0,1.0,1.0,110359.68,1.0
811.0,0.0,1.0,46.0,9.0,180226.24,1.0,1.0,0.0,13464.64,1.0
850.0,1.0,1.0,42.0,8.0,119839.69,1.0,0.0,1.0,51016.02,1.0
768.0,1.0,0.0,47.0,5.0,104552.61,1.0,1.0,0.0,48137.08,1.0
481.0,0.0,0.0,57.0,9.0,0.0,3.0,1.0,1.0,169719.35,1.0
565.0,1.0,1.0,52.0,5.0,97720.35,2.0,1.0,0.0,175070.94,1.0
567.0,1.0,0.0,49.0,5.0,134956.02,1.0,1.0,0.0,93953.84,1.0
691.0,2.0,1.0,36.0,7.0,129934.64,1.0,0.0,0.0,75664.56,1.0
754.0,1.0,1.0,65.0,1.0,136186.44,1.0,1.0,1.0,121529.59,1.0
686.0,0.0,1.0,60.0,9.0,0.0,3.0,1.0,1.0,75246.21,1.0
740.0,1.0,1.0,40.0,4.0,114318.78,2.0,1.0,0.0,129333.69,1.0
625.0,0.0,1.0,43.0,8.0,201696.07,1.0,1.0,0.0,133020.9,1.0
628.0,0.0,0.0,50.0,4.0,143054.56,1.0,0.0,1.0,109608.81,1.0
568.0,1.0,1.0,46.0,8.0,150836.92,1.0,0.0,0.0,64516.8,1.0
543.0,1.0,0.0,57.0,1.0,106138.33,2.0,1.0,1.0,120657.32,1.0
638.0,0.0,1.0,57.0,6.0,0.0,1.0,1.0,0.0,33676.48,1.0
715.0,1.0,0.0,34.0,9.0,102277.52,1.0,0.0,0.0,177852.57,1.0
638.0,1.0,1.0,50.0,1.0,102645.48,1.0,1.0,0.0,168359.98,1.0
780.0,1.0,1.0,51.0,4.0,126725.25,1.0,1.0,0.0,195259.31,1.0
506.0,0.0,0.0,57.0,6.0,0.0,2.0,0.0,1.0,194421.12,1.0
850.0,1.0,0.0,35.0,2.0,80931.75,1.0,0.0,0.0,12639.67,1.0
580.0,0.0,0.0,65.0,9.0,106804.26,3.0,1.0,0.0,107890.69,1.0
782.0,2.0,1.0,52.0,4.0,0.0,1.0,1.0,1.0,52759.82,1.0
667.0,0.0,1.0,43.0,8.0,190227.46,1.0,1.0,0.0,97508.04,1.0
785.0,2.0,0.0,54.0,1.0,0.0,2.0,1.0,0.0,45113.92,1.0
670.0,2.0,0.0,57.0,3.0,175575.95,2.0,1.0,0.0,99061.75,1.0
718.0,0.0,1.0,52.0,8.0,79475.3,3.0,1.0,1.0,32421.32,1.0
527.0,2.0,0.0,29.0,2.0,27755.97,1.0,1.0,0.0,97468.44,1.0
834.0,0.0,0.0,49.0,2.0,131394.56,1.0,0.0,0.0,194365.76,1.0
516.0,0.0,0.0,45.0,4.0,0.0,1.0,1.0,0.0,95273.73,1.0
735.0,2.0,1.0,50.0,9.0,0.0,1.0,0.0,0.0,166677.35,1.0
350.0,2.0,1.0,54.0,1.0,152677.48,1.0,1.0,1.0,191973.49,1.0
672.0,0.0,0.0,40.0,3.0,0.0,1.0,1.0,0.0,113171.61,1.0
597.0,1.0,0.0,22.0,6.0,101528.61,1.0,1.0,0.0,70529.0,1.0
725.0,1.0,1.0,45.0,8.0,116917.07,1.0,0.0,0.0,173464.43,1.0
688.0,0.0,0.0,51.0,5.0,0.0,1.0,1.0,0.0,91624.11,1.0
589.0,0.0,0.0,59.0,2.0,0.0,2.0,1.0,1.0,126160.24,1.0
563.0,1.0,1.0,41.0,2.0,100520.92,1.0,1.0,1.0,19412.8,1.0
624.0,0.0,1.0,55.0,7.0,118793.6,1.0,1.0,1.0,95022.02,1.0
538.0,2.0,1.0,68.0,9.0,0.0,2.0,1.0,0.0,110440.5,1.0
710.0,1.0,0.0,24.0,2.0,110407.44,2.0,0.0,0.0,15832.43,1.0
651.0,0.0,1.0,44.0,2.0,0.0,3.0,1.0,0.0,102530.35,1.0
714.0,1.0,1.0,54.0,4.0,137986.58,2.0,0.0,1.0,51308.54,1.0
716.0,0.0,0.0,44.0,3.0,109528.28,1.0,1.0,0.0,27341.63,1.0
704.0,0.0,1.0,32.0,7.0,127785.17,4.0,0.0,0.0,184464.7,1.0
850.0,0.0,1.0,31.0,6.0,67996.23,2.0,0.0,0.0,50129.87,1.0
514.0,1.0,1.0,43.0,1.0,95556.31,1.0,0.0,1.0,199273.98,1.0
492.0,0.0,0.0,49.0,8.0,0.0,1.0,1.0,1.0,182865.09,1.0
410.0,0.0,1.0,33.0,6.0,125789.69,1.0,0.0,0.0,66333.56,1.0
742.0,0.0,0.0,60.0,4.0,0.0,1.0,1.0,1.0,13161.66,1.0
532.0,0.0,1.0,42.0,1.0,159024.71,1.0,1.0,0.0,100982.93,1.0
554.0,2.0,1.0,30.0,6.0,135370.12,1.0,1.0,1.0,179689.05,1.0
721.0,2.0,0.0,32.0,10.0,0.0,1.0,1.0,0.0,136119.96,1.0
641.0,0.0,0.0,52.0,4.0,0.0,1.0,1.0,0.0,90964.54,1.0
479.0,0.0,1.0,47.0,6.0,121797.09,1.0,0.0,1.0,5811.9,1.0
659.0,2.0,1.0,60.0,2.0,0.0,1.0,1.0,0.0,177480.45,1.0
820.0,1.0,1.0,39.0,9.0,111336.89,1.0,1.0,0.0,16770.31,1.0
786.0,0.0,0.0,33.0,0.0,83036.05,1.0,0.0,1.0,154990.58,1.0
850.0,1.0,0.0,36.0,6.0,143644.16,1.0,1.0,0.0,22102.25,1.0
662.0,2.0,0.0,35.0,6.0,0.0,2.0,0.0,0.0,2423.9,1.0
798.0,0.0,0.0,60.0,6.0,96956.1,1.0,1.0,0.0,31907.44,1.0
546.0,0.0,1.0,34.0,4.0,165363.31,2.0,1.0,1.0,25744.13,1.0
554.0,1.0,0.0,54.0,6.0,108755.0,1.0,1.0,0.0,40914.32,1.0
583.0,1.0,0.0,54.0,6.0,115988.86,1.0,1.0,0.0,57553.98,1.0
773.0,2.0,0.0,41.0,5.0,0.0,1.0,1.0,0.0,28266.9,1.0
660.0,1.0,1.0,35.0,9.0,113948.58,1.0,1.0,0.0,188891.96,1.0
724.0,1.0,0.0,48.0,6.0,110463.25,2.0,1.0,1.0,80552.11,1.0
625.0,0.0,1.0,49.0,6.0,173434.9,1.0,1.0,0.0,165580.93,1.0
649.0,1.0,0.0,50.0,5.0,155393.32,1.0,1.0,1.0,87351.42,1.0
636.0,2.0,1.0,52.0,4.0,111284.53,1.0,0.0,1.0,32936.44,1.0
612.0,1.0,0.0,47.0,6.0,130024.87,1.0,1.0,1.0,45750.21,1.0
785.0,1.0,0.0,32.0,3.0,124493.03,2.0,0.0,1.0,52583.79,1.0
775.0,0.0,0.0,30.0,5.0,0.0,1.0,1.0,0.0,193880.6,1.0
742.0,1.0,0.0,41.0,4.0,92805.72,1.0,0.0,1.0,73743.95,1.0
602.0,1.0,0.0,26.0,8.0,113674.2,1.0,1.0,0.0,197861.16,1.0
778.0,1.0,0.0,29.0,6.0,150358.97,1.0,1.0,0.0,62454.01,1.0
581.0,0.0,1.0,54.0,4.0,89299.81,1.0,0.0,0.0,5558.47,1.0
584.0,1.0,0.0,54.0,1.0,77354.37,1.0,0.0,0.0,138192.98,1.0
645.0,1.0,1.0,47.0,9.0,152076.93,1.0,1.0,0.0,121840.2,1.0
687.0,0.0,0.0,44.0,9.0,0.0,2.0,0.0,0.0,103042.2,1.0
850.0,1.0,1.0,56.0,1.0,169743.83,1.0,0.0,0.0,155850.4,1.0
510.0,0.0,0.0,52.0,6.0,191665.21,1.0,1.0,1.0,131312.56,1.0
749.0,1.0,1.0,47.0,9.0,110022.74,1.0,0.0,1.0,135655.29,1.0
684.0,1.0,1.0,37.0,1.0,126817.13,2.0,1.0,1.0,29995.83,1.0
556.0,0.0,0.0,43.0,6.0,0.0,3.0,0.0,0.0,125154.57,1.0
747.0,0.0,1.0,42.0,4.0,80214.36,1.0,1.0,0.0,115241.96,1.0
604.0,0.0,0.0,47.0,8.0,62094.71,3.0,0.0,0.0,9308.1,1.0
809.0,1.0,1.0,50.0,10.0,118098.62,1.0,1.0,1.0,100720.02,1.0
698.0,0.0,0.0,51.0,6.0,144237.91,4.0,1.0,0.0,157143.61,1.0
605.0,2.0,0.0,57.0,2.0,0.0,3.0,1.0,0.0,66652.75,1.0
555.0,1.0,1.0,42.0,6.0,107104.5,1.0,1.0,1.0,41304.44,1.0
800.0,0.0,0.0,40.0,5.0,97764.41,1.0,1.0,0.0,98640.15,1.0
597.0,2.0,0.0,30.0,2.0,119370.11,1.0,1.0,1.0,182726.22,1.0
689.0,2.0,0.0,28.0,5.0,95328.6,1.0,1.0,0.0,6129.61,1.0
717.0,0.0,0.0,36.0,2.0,99472.76,2.0,1.0,0.0,94274.72,1.0
513.0,0.0,1.0,35.0,8.0,0.0,1.0,1.0,0.0,76640.29,1.0
663.0,1.0,0.0,46.0,6.0,95439.4,1.0,1.0,1.0,21038.58,1.0
720.0,0.0,1.0,44.0,3.0,86102.27,1.0,1.0,0.0,180134.88,1.0
619.0,0.0,0.0,55.0,0.0,0.0,3.0,0.0,0.0,60810.64,1.0
628.0,1.0,1.0,39.0,1.0,115341.19,1.0,1.0,1.0,107674.3,1.0
539.0,2.0,1.0,38.0,6.0,0.0,1.0,1.0,1.0,152880.07,1.0
731.0,0.0,0.0,38.0,10.0,123711.73,2.0,1.0,0.0,171340.68,1.0
731.0,1.0,0.0,21.0,8.0,132312.06,1.0,1.0,0.0,106663.46,1.0
751.0,0.0,0.0,48.0,9.0,0.0,1.0,1.0,0.0,137508.42,1.0
529.0,0.0,1.0,67.0,8.0,103101.56,2.0,1.0,1.0,154002.02,1.0
704.0,1.0,1.0,27.0,5.0,147004.34,1.0,1.0,0.0,64381.33,1.0
505.0,1.0,0.0,33.0,3.0,106506.77,3.0,1.0,0.0,45445.78,1.0
815.0,2.0,0.0,57.0,5.0,0.0,3.0,0.0,0.0,38941.44,1.0
497.0,0.0,0.0,29.0,4.0,85646.81,1.0,0.0,0.0,63233.02,1.0
569.0,2.0,0.0,42.0,1.0,0.0,1.0,1.0,1.0,83629.6,1.0
796.0,1.0,0.0,52.0,9.0,167194.36,1.0,1.0,1.0,62808.93,1.0
743.0,1.0,1.0,65.0,2.0,131935.51,1.0,1.0,1.0,96399.67,1.0
510.0,1.0,1.0,31.0,0.0,113688.63,1.0,1.0,0.0,33099.41,1.0
829.0,1.0,1.0,28.0,3.0,132405.52,3.0,1.0,0.0,104889.2,1.0
788.0,0.0,1.0,55.0,3.0,0.0,1.0,0.0,1.0,13288.46,1.0
618.0,0.0,1.0,56.0,7.0,0.0,1.0,1.0,1.0,142400.27,1.0
756.0,1.0,1.0,41.0,6.0,149049.92,1.0,0.0,1.0,50422.36,1.0
691.0,1.0,0.0,41.0,8.0,109153.96,3.0,1.0,1.0,148848.76,1.0
673.0,2.0,1.0,43.0,8.0,127132.96,1.0,0.0,1.0,6009.27,1.0
611.0,0.0,1.0,35.0,10.0,0.0,1.0,1.0,1.0,23598.23,1.0
575.0,1.0,1.0,47.0,9.0,107915.94,2.0,1.0,1.0,63452.18,1.0
739.0,1.0,1.0,45.0,7.0,102703.62,1.0,0.0,1.0,147802.94,1.0
527.0,2.0,0.0,35.0,8.0,0.0,1.0,1.0,0.0,98031.53,1.0
618.0,0.0,0.0,37.0,5.0,96652.86,1.0,1.0,0.0,98686.4,1.0
613.0,1.0,0.0,43.0,10.0,120481.69,1.0,0.0,0.0,94875.03,1.0
604.0,0.0,1.0,33.0,3.0,0.0,1.0,1.0,0.0,42171.13,1.0
742.0,1.0,0.0,36.0,2.0,129748.54,2.0,0.0,0.0,47271.61,1.0
621.0,1.0,1.0,46.0,6.0,141078.37,1.0,0.0,0.0,34580.8,1.0
667.0,2.0,1.0,71.0,4.0,137260.78,1.0,0.0,1.0,94433.08,1.0
739.0,1.0,1.0,40.0,5.0,149131.03,3.0,1.0,1.0,60036.99,1.0
754.0,0.0,0.0,45.0,6.0,0.0,1.0,1.0,0.0,73881.68,1.0
772.0,1.0,0.0,48.0,6.0,108736.52,1.0,1.0,0.0,184564.67,1.0
678.0,0.0,1.0,60.0,8.0,185648.56,1.0,0.0,0.0,192156.54,1.0
514.0,0.0,1.0,38.0,4.0,112230.38,1.0,1.0,0.0,16717.11,1.0
588.0,2.0,0.0,22.0,9.0,67178.19,1.0,1.0,1.0,163534.75,1.0
711.0,0.0,0.0,38.0,2.0,129022.06,2.0,1.0,1.0,14374.86,1.0
679.0,0.0,1.0,41.0,8.0,147726.98,3.0,1.0,0.0,172749.4,1.0
698.0,2.0,0.0,50.0,1.0,0.0,4.0,1.0,0.0,88566.9,1.0
692.0,0.0,1.0,29.0,4.0,0.0,1.0,1.0,0.0,76755.99,1.0
737.0,1.0,0.0,43.0,1.0,125537.38,1.0,1.0,0.0,138510.01,1.0
807.0,0.0,0.0,47.0,9.0,167664.83,1.0,0.0,0.0,125440.11,1.0
729.0,1.0,1.0,46.0,5.0,117837.43,1.0,1.0,0.0,104016.61,1.0
706.0,0.0,0.0,23.0,5.0,0.0,1.0,0.0,0.0,164128.41,1.0
795.0,1.0,0.0,56.0,9.0,94348.94,1.0,1.0,0.0,29239.29,1.0
625.0,1.0,1.0,56.0,0.0,148507.24,1.0,1.0,0.0,46824.08,1.0
552.0,0.0,1.0,49.0,4.0,0.0,1.0,1.0,1.0,190296.76,1.0
594.0,0.0,1.0,57.0,6.0,0.0,1.0,1.0,0.0,19376.56,1.0
749.0,2.0,1.0,34.0,2.0,0.0,1.0,0.0,0.0,174189.04,1.0
768.0,1.0,1.0,37.0,9.0,108308.11,1.0,1.0,0.0,41788.25,1.0
694.0,1.0,0.0,37.0,8.0,98218.04,2.0,1.0,0.0,182354.46,1.0
648.0,0.0,0.0,39.0,6.0,130694.89,2.0,1.0,1.0,153955.38,1.0
833.0,2.0,1.0,32.0,6.0,0.0,1.0,1.0,1.0,44323.22,1.0
525.0,0.0,1.0,51.0,10.0,0.0,3.0,1.0,0.0,171045.35,1.0
612.0,2.0,1.0,35.0,1.0,0.0,1.0,1.0,1.0,83256.26,1.0
593.0,2.0,1.0,27.0,10.0,0.0,3.0,0.0,0.0,94620.0,1.0
492.0,1.0,0.0,52.0,8.0,125396.24,1.0,1.0,0.0,10014.72,1.0
765.0,1.0,1.0,43.0,4.0,148962.76,1.0,0.0,1.0,173878.87,1.0
727.0,0.0,1.0,61.0,0.0,128213.96,2.0,1.0,1.0,188729.08,1.0
624.0,0.0,1.0,42.0,3.0,145155.37,1.0,1.0,0.0,72169.95,1.0
681.0,1.0,1.0,42.0,3.0,118199.97,2.0,1.0,0.0,9452.88,1.0
792.0,0.0,1.0,50.0,9.0,0.0,4.0,1.0,1.0,194700.81,1.0
791.0,1.0,1.0,35.0,5.0,129828.58,1.0,1.0,1.0,181918.26,1.0
623.0,1.0,0.0,48.0,1.0,108076.33,1.0,1.0,0.0,118855.26,1.0
565.0,1.0,0.0,58.0,3.0,108888.24,3.0,0.0,1.0,135875.51,1.0
678.0,0.0,0.0,60.0,10.0,117738.81,1.0,1.0,0.0,147489.76,1.0
689.0,2.0,0.0,45.0,0.0,57784.22,1.0,1.0,0.0,197804.0,1.0
772.0,1.0,0.0,51.0,9.0,143930.92,1.0,0.0,1.0,46675.51,1.0
672.0,0.0,0.0,45.0,9.0,0.0,1.0,1.0,1.0,92027.69,1.0
596.0,0.0,1.0,21.0,4.0,210433.08,2.0,0.0,1.0,197297.77,1.0
438.0,1.0,1.0,59.0,7.0,127197.14,1.0,1.0,0.0,51565.98,1.0
445.0,2.0,1.0,62.0,1.0,64119.38,1.0,1.0,1.0,76569.64,1.0
655.0,2.0,1.0,38.0,3.0,250898.09,3.0,0.0,1.0,81054.0,1.0
697.0,1.0,0.0,38.0,6.0,132591.36,1.0,1.0,1.0,7387.8,1.0
650.0,2.0,1.0,42.0,4.0,194532.66,1.0,1.0,0.0,171045.31,1.0
745.0,0.0,0.0,32.0,2.0,0.0,4.0,0.0,1.0,179705.13,1.0
477.0,0.0,1.0,47.0,9.0,144900.58,1.0,1.0,0.0,61315.37,1.0
603.0,0.0,0.0,24.0,3.0,0.0,1.0,1.0,1.0,198826.03,1.0
600.0,1.0,1.0,43.0,8.0,133379.41,1.0,1.0,0.0,177378.66,1.0
769.0,1.0,1.0,34.0,7.0,115101.5,1.0,0.0,0.0,57841.89,1.0
566.0,0.0,0.0,42.0,6.0,0.0,1.0,1.0,0.0,180702.12,1.0
619.0,2.0,0.0,44.0,6.0,52831.13,1.0,1.0,1.0,112649.22,1.0
745.0,1.0,0.0,44.0,0.0,119638.21,1.0,1.0,1.0,34265.08,1.0
633.0,0.0,0.0,47.0,0.0,0.0,1.0,1.0,1.0,6342.84,1.0
559.0,0.0,1.0,49.0,2.0,147069.78,1.0,1.0,0.0,120540.83,1.0
689.0,2.0,1.0,38.0,5.0,75075.14,1.0,1.0,1.0,8651.92,1.0
480.0,0.0,0.0,40.0,7.0,0.0,1.0,1.0,0.0,170332.67,1.0
376.0,0.0,0.0,46.0,6.0,0.0,1.0,1.0,0.0,157333.69,1.0
581.0,1.0,1.0,40.0,0.0,101016.53,1.0,0.0,1.0,7926.35,1.0
640.0,0.0,1.0,33.0,7.0,154575.76,1.0,1.0,0.0,25722.28,1.0
624.0,0.0,0.0,71.0,4.0,170252.05,3.0,1.0,1.0,73679.59,1.0
523.0,0.0,0.0,73.0,7.0,0.0,2.0,0.0,0.0,130883.9,1.0
553.0,2.0,1.0,47.0,3.0,116528.15,1.0,0.0,0.0,145704.19,1.0
570.0,1.0,0.0,50.0,5.0,129293.74,1.0,1.0,0.0,177805.44,1.0
690.0,1.0,0.0,54.0,1.0,144027.8,1.0,1.0,1.0,108731.02,1.0
569.0,1.0,1.0,35.0,2.0,109196.66,3.0,1.0,0.0,109393.19,1.0
712.0,1.0,0.0,40.0,3.0,109308.79,2.0,1.0,0.0,120158.72,1.0
741.0,2.0,1.0,43.0,0.0,0.0,2.0,1.0,1.0,2920.63,1.0
663.0,1.0,1.0,32.0,8.0,130627.66,1.0,1.0,0.0,47161.25,1.0
703.0,0.0,0.0,51.0,3.0,0.0,3.0,1.0,1.0,77294.56,1.0
585.0,2.0,0.0,56.0,1.0,128472.8,1.0,1.0,0.0,186476.91,1.0
590.0,0.0,0.0,60.0,6.0,147751.75,1.0,1.0,0.0,88206.04,1.0
825.0,1.0,0.0,35.0,6.0,118336.95,1.0,1.0,0.0,26342.33,1.0
543.0,0.0,1.0,42.0,4.0,89838.71,3.0,1.0,0.0,85983.54,1.0
383.0,2.0,0.0,48.0,8.0,95808.19,1.0,0.0,0.0,137702.01,1.0
678.0,0.0,0.0,55.0,5.0,0.0,1.0,0.0,1.0,196794.11,1.0
515.0,1.0,1.0,60.0,9.0,113715.36,1.0,1.0,0.0,18424.24,1.0
841.0,0.0,0.0,52.0,5.0,0.0,1.0,0.0,0.0,183239.71,1.0
542.0,1.0,0.0,35.0,9.0,127543.11,2.0,1.0,0.0,468.94,1.0
564.0,1.0,0.0,33.0,2.0,115761.51,1.0,0.0,1.0,112350.21,1.0
524.0,2.0,0.0,64.0,5.0,0.0,1.0,1.0,0.0,136079.64,1.0
502.0,0.0,0.0,42.0,8.0,159660.8,3.0,1.0,0.0,113931.57,1.0
805.0,2.0,0.0,39.0,5.0,165272.13,1.0,1.0,0.0,14109.85,1.0
629.0,0.0,1.0,59.0,9.0,113657.83,1.0,1.0,1.0,116848.79,1.0
666.0,0.0,1.0,51.0,2.0,148222.65,1.0,0.0,0.0,156953.54,1.0
563.0,2.0,0.0,42.0,6.0,99056.22,2.0,1.0,0.0,154347.95,1.0
689.0,1.0,0.0,40.0,4.0,78119.59,4.0,1.0,0.0,119259.34,1.0
655.0,0.0,0.0,50.0,10.0,0.0,4.0,1.0,0.0,179267.94,1.0
637.0,1.0,1.0,43.0,1.0,135645.29,2.0,0.0,1.0,101382.86,1.0
702.0,0.0,0.0,40.0,1.0,103549.24,1.0,0.0,0.0,9712.52,1.0
570.0,0.0,0.0,30.0,10.0,176173.52,1.0,1.0,0.0,97045.32,1.0
593.0,1.0,0.0,62.0,3.0,118233.81,1.0,0.0,1.0,24765.53,1.0
712.0,0.0,1.0,36.0,2.0,100749.5,3.0,0.0,0.0,70758.37,1.0
629.0,0.0,0.0,40.0,9.0,137409.19,1.0,1.0,0.0,175877.7,1.0
657.0,2.0,1.0,36.0,8.0,188241.05,2.0,0.0,0.0,183058.51,1.0
690.0,0.0,1.0,54.0,5.0,0.0,1.0,1.0,0.0,12847.61,1.0
586.0,1.0,0.0,36.0,5.0,103700.69,1.0,1.0,0.0,194072.56,1.0
740.0,2.0,1.0,43.0,9.0,0.0,1.0,1.0,0.0,199290.68,1.0
752.0,0.0,0.0,41.0,8.0,0.0,2.0,1.0,0.0,139844.04,1.0
681.0,1.0,1.0,49.0,8.0,142946.18,1.0,0.0,0.0,187280.51,1.0
637.0,1.0,1.0,30.0,1.0,122185.53,1.0,1.0,0.0,102566.46,1.0
622.0,1.0,0.0,58.0,7.0,116922.25,1.0,1.0,0.0,120415.61,1.0
515.0,1.0,1.0,37.0,2.0,90432.92,1.0,1.0,1.0,188366.04,1.0
519.0,1.0,0.0,21.0,1.0,151701.45,3.0,1.0,1.0,170138.68,1.0
850.0,2.0,1.0,48.0,2.0,0.0,1.0,1.0,0.0,169425.3,1.0
693.0,0.0,0.0,35.0,5.0,124151.09,1.0,1.0,0.0,88705.14,1.0
576.0,1.0,0.0,71.0,6.0,140273.47,1.0,1.0,1.0,193135.25,1.0
617.0,2.0,1.0,50.0,7.0,0.0,1.0,1.0,0.0,184839.7,1.0
839.0,0.0,0.0,51.0,3.0,0.0,1.0,1.0,1.0,69101.23,1.0
545.0,0.0,0.0,55.0,5.0,0.0,1.0,0.0,0.0,10034.77,1.0
684.0,2.0,1.0,39.0,4.0,207034.96,2.0,0.0,0.0,157694.76,1.0
628.0,0.0,0.0,31.0,5.0,0.0,1.0,0.0,0.0,147963.07,1.0
700.0,0.0,1.0,46.0,5.0,95872.86,1.0,1.0,0.0,98273.01,1.0
659.0,2.0,0.0,42.0,2.0,0.0,1.0,0.0,0.0,162734.31,1.0
584.0,1.0,0.0,37.0,10.0,134171.8,4.0,1.0,1.0,70927.11,1.0
695.0,2.0,1.0,56.0,1.0,0.0,3.0,1.0,0.0,187734.49,1.0
601.0,0.0,0.0,43.0,8.0,0.0,3.0,0.0,1.0,110916.15,1.0
607.0,2.0,0.0,62.0,8.0,108004.64,1.0,1.0,1.0,23386.77,1.0
591.0,2.0,0.0,39.0,3.0,0.0,3.0,1.0,0.0,140469.38,1.0
708.0,0.0,0.0,59.0,2.0,0.0,1.0,1.0,0.0,179673.11,1.0
595.0,1.0,0.0,44.0,4.0,96553.52,2.0,1.0,0.0,143952.24,1.0
720.0,1.0,1.0,46.0,3.0,97042.6,1.0,1.0,1.0,133516.51,1.0
610.0,2.0,0.0,45.0,3.0,0.0,1.0,1.0,0.0,38276.84,1.0
553.0,1.0,1.0,46.0,3.0,82291.1,1.0,1.0,0.0,112549.99,1.0
628.0,1.0,0.0,51.0,10.0,115280.49,2.0,0.0,0.0,12628.61,1.0
611.0,0.0,0.0,61.0,3.0,131583.59,4.0,0.0,1.0,66238.23,1.0
705.0,1.0,0.0,43.0,10.0,146547.78,1.0,0.0,1.0,10072.55,1.0
644.0,2.0,0.0,46.0,6.0,12459.19,1.0,0.0,0.0,156787.34,1.0
569.0,0.0,1.0,41.0,4.0,120243.49,1.0,1.0,0.0,163150.03,1.0
691.0,0.0,0.0,60.0,6.0,101070.69,1.0,1.0,0.0,177355.8,1.0
714.0,1.0,1.0,53.0,1.0,99141.86,1.0,1.0,1.0,72496.05,1.0
828.0,2.0,1.0,47.0,1.0,109876.82,2.0,1.0,0.0,83611.45,1.0
651.0,0.0,1.0,35.0,0.0,181821.96,2.0,0.0,1.0,36923.67,1.0
659.0,0.0,0.0,56.0,9.0,123785.24,1.0,1.0,0.0,99504.03,1.0
694.0,1.0,0.0,58.0,1.0,143212.22,1.0,0.0,0.0,102628.56,1.0
706.0,1.0,0.0,46.0,7.0,111288.18,1.0,1.0,1.0,149170.25,1.0
434.0,1.0,1.0,55.0,8.0,109339.17,2.0,1.0,0.0,96405.88,1.0
790.0,1.0,1.0,50.0,8.0,121438.58,1.0,1.0,1.0,176471.78,1.0
614.0,0.0,1.0,40.0,6.0,0.0,1.0,1.0,1.0,20339.79,1.0
689.0,0.0,1.0,22.0,4.0,136444.25,1.0,1.0,0.0,51980.25,1.0
636.0,0.0,0.0,48.0,1.0,170833.46,1.0,1.0,0.0,110510.28,1.0
738.0,1.0,1.0,43.0,9.0,121152.05,2.0,1.0,0.0,64166.7,1.0
613.0,1.0,0.0,20.0,0.0,117356.19,1.0,0.0,0.0,113557.7,1.0
771.0,0.0,1.0,50.0,3.0,105229.72,1.0,1.0,1.0,16281.68,1.0
694.0,2.0,0.0,35.0,7.0,0.0,1.0,1.0,0.0,133570.43,1.0
702.0,0.0,1.0,26.0,2.0,71281.29,1.0,1.0,1.0,108747.12,1.0
646.0,0.0,0.0,46.0,4.0,0.0,3.0,1.0,0.0,93251.42,1.0
606.0,0.0,1.0,36.0,1.0,155655.46,1.0,1.0,1.0,192387.51,1.0
595.0,1.0,1.0,46.0,5.0,142360.62,2.0,1.0,0.0,48421.4,1.0
641.0,0.0,0.0,48.0,3.0,147341.43,1.0,1.0,1.0,157458.61,1.0
554.0,0.0,0.0,43.0,10.0,0.0,2.0,1.0,0.0,149629.13,1.0
535.0,1.0,1.0,38.0,8.0,127475.24,1.0,0.0,0.0,60775.76,1.0
763.0,1.0,1.0,42.0,6.0,100160.75,1.0,1.0,0.0,33462.94,1.0
549.0,1.0,1.0,36.0,6.0,139422.37,1.0,0.0,0.0,83983.39,1.0
617.0,1.0,0.0,39.0,5.0,83348.89,3.0,1.0,0.0,7953.62,1.0
547.0,1.0,1.0,49.0,8.0,121537.71,2.0,1.0,0.0,46521.45,1.0
523.0,0.0,0.0,40.0,2.0,102967.41,1.0,1.0,0.0,128702.1,1.0
526.0,2.0,0.0,33.0,8.0,114634.63,2.0,1.0,0.0,110114.38,1.0
577.0,2.0,1.0,43.0,8.0,79757.21,1.0,1.0,0.0,135650.72,1.0
453.0,1.0,0.0,40.0,1.0,111524.49,1.0,1.0,1.0,120373.84,1.0
586.0,0.0,0.0,28.0,5.0,0.0,3.0,1.0,0.0,170487.4,1.0
707.0,2.0,0.0,52.0,7.0,0.0,1.0,1.0,0.0,109688.82,1.0
637.0,1.0,0.0,39.0,9.0,137843.8,1.0,1.0,1.0,117622.8,1.0
662.0,1.0,1.0,59.0,2.0,104568.41,1.0,1.0,0.0,8059.44,1.0
685.0,0.0,0.0,33.0,1.0,0.0,3.0,0.0,1.0,70221.13,1.0
636.0,2.0,1.0,60.0,7.0,124447.73,1.0,1.0,1.0,141364.62,1.0
743.0,1.0,1.0,45.0,10.0,144677.19,3.0,1.0,0.0,22512.44,1.0
415.0,0.0,1.0,46.0,9.0,134950.19,3.0,0.0,0.0,178587.36,1.0
631.0,1.0,1.0,37.0,8.0,138292.64,2.0,0.0,0.0,152422.91,1.0
704.0,2.0,0.0,24.0,2.0,0.0,1.0,1.0,0.0,35600.25,1.0
501.0,2.0,1.0,43.0,6.0,104533.24,1.0,0.0,0.0,81123.59,1.0
696.0,1.0,1.0,49.0,5.0,97036.22,2.0,1.0,0.0,152450.84,1.0
676.0,0.0,0.0,34.0,8.0,82909.14,1.0,1.0,0.0,91817.38,1.0
696.0,0.0,1.0,52.0,6.0,139781.06,1.0,1.0,0.0,27445.4,1.0
525.0,1.0,0.0,47.0,1.0,118087.68,1.0,1.0,0.0,88120.78,1.0
719.0,2.0,1.0,44.0,4.0,0.0,1.0,0.0,0.0,84972.9,1.0
469.0,1.0,0.0,52.0,8.0,139493.25,3.0,0.0,0.0,150093.32,1.0
746.0,0.0,1.0,48.0,5.0,165282.42,1.0,1.0,0.0,153786.46,1.0
637.0,1.0,1.0,51.0,1.0,104682.83,1.0,1.0,0.0,55266.96,1.0
497.0,1.0,0.0,32.0,8.0,111537.23,4.0,1.0,1.0,9497.99,1.0
794.0,1.0,0.0,55.0,6.0,115796.7,1.0,1.0,0.0,160526.36,1.0
660.0,1.0,0.0,39.0,5.0,135134.99,1.0,1.0,0.0,173683.0,1.0
752.0,2.0,1.0,48.0,5.0,116060.08,1.0,1.0,0.0,156618.38,1.0
648.0,2.0,0.0,54.0,7.0,118241.02,1.0,1.0,0.0,172586.89,1.0
850.0,1.0,0.0,66.0,0.0,127120.62,1.0,0.0,1.0,118929.64,1.0
598.0,0.0,0.0,43.0,5.0,0.0,3.0,1.0,1.0,100722.72,1.0
762.0,1.0,1.0,34.0,4.0,88815.56,2.0,1.0,0.0,68562.26,1.0
618.0,0.0,0.0,46.0,6.0,150213.71,1.0,1.0,0.0,120668.46,1.0
690.0,1.0,1.0,43.0,2.0,166522.78,1.0,0.0,0.0,119644.59,1.0
755.0,1.0,1.0,43.0,6.0,165048.5,3.0,1.0,0.0,16929.41,1.0
829.0,1.0,0.0,27.0,9.0,112045.67,1.0,1.0,1.0,119708.21,1.0
576.0,0.0,0.0,41.0,4.0,112609.91,1.0,0.0,0.0,191035.18,1.0
763.0,1.0,1.0,31.0,7.0,143966.3,2.0,1.0,1.0,140262.96,1.0
588.0,1.0,0.0,35.0,1.0,103060.63,1.0,1.0,0.0,179866.01,1.0
580.0,1.0,0.0,42.0,2.0,123331.36,1.0,0.0,0.0,103516.08,1.0
535.0,2.0,0.0,30.0,5.0,122924.75,1.0,0.0,0.0,62390.59,1.0
709.0,1.0,1.0,45.0,4.0,122917.71,1.0,1.0,1.0,11.58,1.0
807.0,2.0,0.0,28.0,7.0,165969.26,3.0,1.0,0.0,156122.13,1.0
560.0,2.0,1.0,47.0,1.0,0.0,1.0,0.0,0.0,128882.66,1.0
783.0,1.0,0.0,58.0,3.0,127539.3,1.0,1.0,1.0,96590.39,1.0
732.0,1.0,0.0,45.0,6.0,98792.4,1.0,1.0,0.0,81491.7,1.0
721.0,1.0,1.0,40.0,6.0,100275.88,1.0,1.0,0.0,138564.48,1.0
478.0,0.0,0.0,50.0,2.0,0.0,1.0,0.0,1.0,93332.64,1.0
715.0,0.0,0.0,41.0,8.0,56214.85,2.0,0.0,0.0,92982.61,1.0
603.0,0.0,1.0,32.0,7.0,0.0,1.0,1.0,0.0,198055.94,1.0
727.0,1.0,1.0,59.0,5.0,152581.06,1.0,1.0,0.0,71830.1,1.0
401.0,1.0,1.0,48.0,8.0,128140.17,1.0,1.0,0.0,175753.55,1.0
585.0,0.0,0.0,35.0,2.0,0.0,2.0,1.0,0.0,98621.04,1.0
653.0,1.0,1.0,41.0,1.0,104584.11,1.0,1.0,0.0,15126.32,1.0
652.0,0.0,1.0,48.0,4.0,59486.31,1.0,1.0,0.0,163944.18,1.0
423.0,0.0,0.0,36.0,5.0,97665.61,1.0,1.0,0.0,118372.55,1.0
514.0,1.0,0.0,45.0,3.0,109032.23,1.0,0.0,1.0,155407.21,1.0
608.0,2.0,0.0,41.0,3.0,89763.84,1.0,0.0,0.0,199304.74,1.0
580.0,1.0,1.0,38.0,9.0,115442.19,2.0,1.0,0.0,128481.5,1.0
683.0,2.0,1.0,56.0,7.0,50911.21,3.0,0.0,0.0,97629.31,1.0
544.0,1.0,1.0,44.0,2.0,108895.93,1.0,0.0,0.0,69228.2,1.0
587.0,0.0,0.0,46.0,6.0,88820.29,1.0,0.0,0.0,70224.34,0.0
646.0,2.0,1.0,69.0,10.0,115462.44,1.0,1.0,0.0,40421.87,0.0
716.0,0.0,0.0,35.0,8.0,112808.18,1.0,0.0,1.0,17848.3,0.0
526.0,1.0,1.0,31.0,5.0,145537.21,1.0,1.0,0.0,132404.64,0.0
726.0,0.0,1.0,28.0,2.0,0.0,1.0,0.0,0.0,98060.51,0.0
598.0,1.0,1.0,32.0,9.0,123938.6,2.0,1.0,0.0,198894.42,0.0
772.0,1.0,1.0,26.0,7.0,152400.51,2.0,1.0,0.0,79414.0,0.0
617.0,0.0,0.0,30.0,8.0,0.0,1.0,1.0,1.0,92621.9,0.0
466.0,1.0,1.0,41.0,2.0,152102.18,2.0,1.0,0.0,181879.56,0.0
710.0,1.0,1.0,34.0,8.0,147833.3,2.0,0.0,1.0,1561.58,0.0
655.0,2.0,1.0,34.0,1.0,116114.93,1.0,1.0,1.0,49492.15,0.0
546.0,1.0,0.0,25.0,3.0,132837.7,1.0,1.0,0.0,131647.31,0.0
565.0,0.0,1.0,34.0,7.0,0.0,1.0,0.0,0.0,74593.84,0.0
583.0,1.0,0.0,41.0,5.0,77647.6,1.0,1.0,0.0,190429.52,0.0
835.0,0.0,1.0,32.0,8.0,124993.29,2.0,1.0,1.0,27548.06,0.0
691.0,0.0,1.0,37.0,9.0,149405.18,1.0,1.0,1.0,146411.6,0.0
711.0,1.0,1.0,43.0,2.0,39043.29,2.0,1.0,1.0,175423.69,0.0
718.0,1.0,0.0,33.0,4.0,70541.06,1.0,0.0,0.0,88592.8,0.0
574.0,2.0,1.0,36.0,1.0,0.0,2.0,0.0,1.0,71709.12,0.0
601.0,1.0,0.0,54.0,1.0,131039.97,2.0,1.0,1.0,199661.5,0.0
747.0,1.0,0.0,32.0,5.0,67495.04,2.0,0.0,1.0,77370.37,0.0
676.0,0.0,0.0,61.0,8.0,0.0,2.0,1.0,1.0,118522.73,0.0
659.0,2.0,1.0,27.0,4.0,0.0,2.0,1.0,0.0,99341.87,0.0
662.0,0.0,1.0,34.0,2.0,117731.79,2.0,0.0,1.0,55120.79,0.0
684.0,1.0,0.0,40.0,6.0,137326.65,1.0,1.0,0.0,186976.6,0.0
657.0,1.0,1.0,30.0,1.0,139762.13,2.0,1.0,1.0,23317.88,0.0
606.0,0.0,0.0,35.0,0.0,135984.15,2.0,1.0,0.0,186778.89,0.0
554.0,0.0,0.0,38.0,3.0,138731.95,1.0,1.0,1.0,194138.36,0.0
815.0,0.0,1.0,37.0,1.0,166115.42,1.0,1.0,0.0,67208.3,0.0
680.0,0.0,0.0,30.0,8.0,141441.75,1.0,1.0,1.0,16278.97,0.0
680.0,0.0,1.0,44.0,3.0,0.0,2.0,1.0,0.0,86935.08,0.0
543.0,0.0,0.0,36.0,3.0,0.0,2.0,0.0,0.0,26019.59,0.0
509.0,0.0,1.0,35.0,8.0,0.0,2.0,0.0,1.0,67431.28,0.0
523.0,0.0,1.0,45.0,5.0,0.0,2.0,1.0,1.0,121428.2,0.0
809.0,0.0,1.0,24.0,7.0,109558.36,1.0,1.0,0.0,183515.13,0.0
512.0,1.0,0.0,40.0,8.0,153537.57,2.0,0.0,0.0,23101.13,0.0
740.0,0.0,0.0,30.0,8.0,105209.54,1.0,1.0,0.0,1852.58,0.0
615.0,0.0,1.0,35.0,7.0,0.0,2.0,1.0,0.0,150784.29,0.0
655.0,2.0,1.0,37.0,1.0,0.0,1.0,1.0,1.0,106040.97,0.0
686.0,2.0,1.0,22.0,5.0,0.0,2.0,1.0,0.0,158974.45,0.0
808.0,0.0,1.0,32.0,1.0,0.0,2.0,1.0,1.0,46200.71,0.0
754.0,1.0,1.0,57.0,2.0,101134.87,2.0,1.0,1.0,70954.41,0.0
737.0,0.0,1.0,41.0,1.0,101960.74,1.0,1.0,1.0,123547.28,0.0
677.0,1.0,0.0,26.0,6.0,98723.67,1.0,0.0,1.0,151146.67,0.0
652.0,0.0,1.0,31.0,2.0,119148.55,1.0,0.0,0.0,149740.22,0.0
529.0,1.0,1.0,72.0,5.0,94216.05,1.0,1.0,1.0,78695.68,0.0
850.0,2.0,0.0,57.0,8.0,126776.3,2.0,1.0,1.0,132298.49,0.0
599.0,0.0,1.0,30.0,9.0,105443.68,1.0,1.0,1.0,121124.53,0.0
680.0,2.0,0.0,37.0,6.0,124140.57,2.0,1.0,0.0,92826.35,0.0
533.0,1.0,1.0,38.0,4.0,70362.52,2.0,1.0,1.0,104189.46,0.0
666.0,1.0,1.0,38.0,6.0,99812.88,2.0,1.0,1.0,158357.97,0.0
612.0,1.0,0.0,36.0,2.0,130700.92,2.0,0.0,0.0,77592.8,0.0
567.0,2.0,1.0,40.0,4.0,118628.8,1.0,0.0,0.0,91973.63,0.0
682.0,0.0,1.0,61.0,10.0,73688.2,1.0,1.0,1.0,172141.33,0.0
841.0,0.0,0.0,36.0,5.0,156021.31,1.0,0.0,0.0,122662.98,0.0
622.0,0.0,1.0,59.0,5.0,119380.37,1.0,1.0,1.0,60429.43,0.0
586.0,1.0,1.0,34.0,9.0,74309.81,1.0,1.0,0.0,15034.93,0.0
581.0,2.0,1.0,49.0,10.0,0.0,2.0,0.0,0.0,41623.59,0.0
718.0,0.0,1.0,29.0,2.0,0.0,1.0,1.0,0.0,126336.72,0.0
801.0,0.0,1.0,42.0,6.0,0.0,2.0,1.0,1.0,95804.33,0.0
830.0,1.0,0.0,40.0,8.0,77701.64,1.0,0.0,1.0,19512.38,0.0
742.0,0.0,0.0,29.0,4.0,0.0,2.0,1.0,1.0,180066.59,0.0
530.0,2.0,0.0,41.0,4.0,0.0,2.0,0.0,1.0,147606.71,0.0
786.0,0.0,0.0,62.0,8.0,0.0,1.0,1.0,1.0,165702.64,0.0
738.0,0.0,1.0,31.0,9.0,82674.15,1.0,1.0,0.0,41970.72,0.0
538.0,2.0,0.0,42.0,9.0,0.0,1.0,0.0,0.0,152855.96,0.0
643.0,0.0,0.0,33.0,0.0,137811.75,1.0,1.0,1.0,184856.89,0.0
733.0,2.0,0.0,38.0,5.0,0.0,2.0,1.0,1.0,1271.51,0.0
705.0,0.0,0.0,48.0,0.0,0.0,2.0,0.0,0.0,149772.61,0.0
607.0,2.0,0.0,25.0,4.0,121166.89,1.0,0.0,1.0,115288.24,0.0
827.0,0.0,0.0,60.0,2.0,0.0,2.0,0.0,1.0,60615.83,0.0
542.0,2.0,1.0,32.0,2.0,131945.94,1.0,0.0,1.0,159737.56,0.0
797.0,0.0,1.0,31.0,9.0,0.0,2.0,1.0,1.0,24748.89,0.0
794.0,2.0,0.0,37.0,9.0,0.0,2.0,1.0,0.0,68008.85,0.0
735.0,0.0,1.0,44.0,9.0,120681.63,1.0,1.0,0.0,74836.34,0.0
642.0,0.0,1.0,35.0,4.0,125476.31,1.0,1.0,1.0,91775.51,0.0
627.0,0.0,0.0,35.0,7.0,0.0,2.0,0.0,1.0,193022.44,0.0
630.0,0.0,1.0,33.0,9.0,0.0,2.0,1.0,0.0,64804.59,0.0
582.0,0.0,1.0,39.0,5.0,0.0,2.0,1.0,1.0,129892.93,0.0
667.0,2.0,1.0,31.0,5.0,0.0,2.0,1.0,1.0,20346.69,0.0
657.0,0.0,1.0,44.0,6.0,76495.04,1.0,1.0,0.0,79071.89,0.0
748.0,0.0,1.0,32.0,5.0,154737.88,2.0,1.0,1.0,172638.13,0.0
809.0,2.0,0.0,33.0,3.0,0.0,2.0,0.0,1.0,141426.78,0.0
548.0,0.0,0.0,37.0,9.0,0.0,2.0,0.0,0.0,98029.58,0.0
617.0,0.0,1.0,40.0,5.0,190008.32,2.0,1.0,1.0,107047.92,0.0
700.0,2.0,1.0,31.0,7.0,0.0,2.0,0.0,1.0,145151.96,0.0
619.0,1.0,0.0,52.0,8.0,124099.13,1.0,0.0,0.0,23904.52,0.0
681.0,2.0,1.0,65.0,7.0,134714.7,2.0,0.0,1.0,190419.81,0.0
657.0,2.0,0.0,41.0,6.0,112119.48,1.0,1.0,0.0,17536.82,0.0
662.0,2.0,0.0,30.0,9.0,0.0,2.0,0.0,1.0,157884.83,0.0
680.0,0.0,1.0,34.0,9.0,0.0,2.0,1.0,1.0,95686.6,0.0
693.0,2.0,1.0,28.0,1.0,145118.83,1.0,0.0,1.0,77742.38,0.0
553.0,1.0,1.0,41.0,9.0,110112.54,2.0,0.0,0.0,81898.81,0.0
686.0,2.0,0.0,36.0,5.0,0.0,2.0,1.0,1.0,152979.14,0.0
805.0,0.0,1.0,39.0,2.0,0.0,1.0,0.0,0.0,166650.32,0.0
673.0,2.0,0.0,37.0,0.0,0.0,2.0,0.0,0.0,82351.06,0.0
585.0,0.0,1.0,54.0,8.0,87105.32,1.0,1.0,1.0,55346.14,0.0
778.0,1.0,0.0,33.0,4.0,111063.73,2.0,1.0,0.0,83556.65,0.0
608.0,1.0,0.0,30.0,2.0,91057.37,2.0,1.0,0.0,132973.17,0.0
566.0,1.0,0.0,40.0,2.0,97001.36,2.0,1.0,0.0,154486.01,0.0
663.0,1.0,0.0,29.0,4.0,102714.65,2.0,0.0,0.0,21170.81,0.0
513.0,0.0,0.0,43.0,9.0,0.0,2.0,1.0,0.0,152499.8,0.0
648.0,1.0,0.0,45.0,5.0,118886.55,1.0,0.0,0.0,51636.7,0.0
743.0,0.0,0.0,73.0,6.0,0.0,2.0,0.0,1.0,107867.38,0.0
592.0,2.0,1.0,45.0,8.0,84692.5,1.0,0.0,1.0,67214.02,0.0
755.0,0.0,0.0,28.0,7.0,124540.28,1.0,0.0,1.0,188850.89,0.0
591.0,1.0,0.0,44.0,10.0,113581.98,1.0,1.0,0.0,1985.41,0.0
563.0,2.0,1.0,32.0,6.0,0.0,2.0,1.0,1.0,19720.08,0.0
557.0,0.0,1.0,34.0,3.0,83074.0,1.0,1.0,0.0,132673.22,0.0
650.0,2.0,1.0,41.0,9.0,0.0,2.0,0.0,1.0,191599.67,0.0
544.0,0.0,0.0,32.0,9.0,110728.39,1.0,1.0,1.0,14559.62,0.0
838.0,0.0,0.0,34.0,8.0,0.0,2.0,1.0,0.0,27472.07,0.0
641.0,1.0,1.0,32.0,5.0,122947.92,1.0,1.0,1.0,99154.86,0.0
546.0,0.0,0.0,27.0,8.0,0.0,2.0,1.0,1.0,14858.1,0.0
712.0,0.0,1.0,24.0,2.0,0.0,1.0,0.0,1.0,121232.51,0.0
514.0,0.0,1.0,26.0,1.0,0.0,2.0,0.0,0.0,121551.93,0.0
619.0,0.0,1.0,39.0,5.0,0.0,2.0,1.0,1.0,158444.61,0.0
652.0,0.0,0.0,74.0,5.0,0.0,2.0,1.0,1.0,937.15,0.0
823.0,0.0,1.0,34.0,3.0,105057.33,1.0,1.0,0.0,9217.92,0.0
519.0,0.0,1.0,39.0,1.0,97700.02,1.0,1.0,1.0,30709.03,0.0
692.0,0.0,1.0,27.0,1.0,125547.53,1.0,0.0,0.0,7900.46,0.0
674.0,0.0,1.0,22.0,3.0,0.0,1.0,1.0,1.0,173940.59,0.0
600.0,0.0,1.0,40.0,1.0,141136.79,1.0,1.0,1.0,67803.83,0.0
741.0,2.0,0.0,42.0,9.0,121056.63,2.0,1.0,0.0,39122.58,0.0
850.0,0.0,0.0,32.0,8.0,0.0,2.0,1.0,1.0,55593.8,0.0
636.0,0.0,1.0,36.0,5.0,117559.05,2.0,1.0,1.0,111573.3,0.0
668.0,1.0,1.0,39.0,4.0,79896.0,1.0,1.0,0.0,38466.39,0.0
741.0,0.0,1.0,38.0,9.0,0.0,2.0,1.0,0.0,14379.01,0.0
711.0,2.0,1.0,38.0,3.0,128718.78,1.0,0.0,0.0,114793.45,0.0
741.0,2.0,1.0,53.0,3.0,0.0,2.0,1.0,1.0,38913.68,0.0
443.0,2.0,1.0,36.0,6.0,70438.01,2.0,0.0,1.0,56937.43,0.0
584.0,1.0,0.0,36.0,4.0,109646.83,1.0,1.0,1.0,70240.79,0.0
781.0,0.0,0.0,28.0,4.0,0.0,2.0,1.0,0.0,177703.15,0.0
713.0,1.0,1.0,40.0,3.0,114446.84,2.0,1.0,1.0,87308.18,0.0
651.0,0.0,1.0,36.0,7.0,0.0,2.0,1.0,0.0,13898.31,0.0
521.0,0.0,1.0,37.0,2.0,0.0,2.0,1.0,1.0,86372.24,0.0
701.0,0.0,1.0,29.0,2.0,0.0,2.0,1.0,0.0,176943.59,0.0
748.0,0.0,1.0,66.0,8.0,0.0,1.0,1.0,1.0,163331.65,0.0
525.0,2.0,0.0,30.0,5.0,0.0,2.0,0.0,1.0,149195.44,0.0
656.0,1.0,1.0,68.0,7.0,153545.11,1.0,1.0,1.0,186574.68,0.0
750.0,1.0,0.0,37.0,1.0,133199.71,2.0,1.0,1.0,27366.77,0.0
601.0,0.0,1.0,41.0,1.0,123971.16,1.0,0.0,1.0,172814.99,0.0
783.0,0.0,1.0,38.0,9.0,114135.17,1.0,1.0,0.0,153269.98,0.0
651.0,0.0,0.0,33.0,1.0,96834.78,1.0,1.0,0.0,108764.69,0.0
702.0,0.0,0.0,29.0,6.0,149218.39,1.0,1.0,1.0,9633.01,0.0
850.0,1.0,1.0,22.0,7.0,91560.58,2.0,0.0,0.0,10541.38,0.0
614.0,0.0,0.0,41.0,3.0,123475.04,1.0,1.0,1.0,179227.52,0.0
765.0,0.0,1.0,42.0,4.0,123311.39,2.0,1.0,1.0,82868.34,0.0
580.0,0.0,1.0,37.0,9.0,0.0,2.0,0.0,1.0,77108.66,0.0
564.0,2.0,1.0,48.0,5.0,132876.23,1.0,1.0,0.0,79259.77,0.0
530.0,1.0,0.0,42.0,0.0,99948.45,1.0,0.0,1.0,97338.62,0.0
755.0,0.0,1.0,23.0,5.0,84284.48,2.0,1.0,1.0,62851.6,0.0
670.0,1.0,0.0,36.0,2.0,84266.44,2.0,0.0,0.0,38614.69,0.0
527.0,0.0,1.0,31.0,4.0,0.0,1.0,1.0,0.0,169361.89,0.0
755.0,1.0,0.0,33.0,6.0,90560.3,2.0,1.0,1.0,42607.69,0.0
766.0,0.0,0.0,45.0,6.0,0.0,2.0,0.0,0.0,147184.74,0.0
748.0,2.0,0.0,23.0,8.0,85600.08,1.0,0.0,0.0,134077.71,0.0
633.0,0.0,0.0,34.0,3.0,123034.43,2.0,1.0,1.0,38315.04,0.0
723.0,0.0,1.0,30.0,3.0,124119.54,1.0,1.0,0.0,162198.32,0.0
663.0,2.0,1.0,30.0,4.0,0.0,3.0,1.0,0.0,101371.05,0.0
741.0,2.0,1.0,50.0,1.0,78737.61,1.0,1.0,1.0,13018.96,0.0
497.0,0.0,1.0,41.0,9.0,0.0,1.0,0.0,0.0,22074.48,0.0
764.0,2.0,0.0,33.0,9.0,168964.77,1.0,0.0,1.0,118982.51,0.0
632.0,0.0,1.0,44.0,3.0,107764.75,1.0,1.0,0.0,185667.72,0.0
647.0,1.0,1.0,30.0,6.0,143138.91,2.0,1.0,0.0,2955.46,0.0
696.0,0.0,1.0,27.0,4.0,87637.26,2.0,0.0,0.0,196111.35,0.0
462.0,0.0,1.0,27.0,4.0,176913.52,1.0,1.0,0.0,80587.27,0.0
711.0,1.0,1.0,26.0,9.0,128793.63,1.0,1.0,0.0,19262.05,0.0
640.0,2.0,1.0,36.0,4.0,0.0,1.0,0.0,0.0,173016.46,0.0
761.0,2.0,1.0,27.0,8.0,0.0,2.0,1.0,0.0,63297.7,0.0
712.0,2.0,0.0,30.0,6.0,0.0,2.0,1.0,0.0,152417.97,0.0
520.0,0.0,0.0,38.0,4.0,0.0,2.0,1.0,0.0,56388.63,0.0
732.0,0.0,1.0,62.0,2.0,0.0,2.0,1.0,1.0,25438.87,0.0
593.0,0.0,1.0,31.0,9.0,0.0,2.0,0.0,1.0,20492.16,0.0
850.0,0.0,1.0,39.0,4.0,127771.35,2.0,0.0,1.0,151738.54,0.0
850.0,0.0,1.0,36.0,3.0,0.0,2.0,1.0,0.0,195033.07,0.0
814.0,0.0,1.0,31.0,1.0,118870.92,1.0,1.0,0.0,101704.19,0.0
592.0,1.0,1.0,31.0,7.0,124593.23,1.0,1.0,0.0,86079.67,0.0
690.0,0.0,0.0,42.0,5.0,0.0,2.0,0.0,1.0,120512.08,0.0
786.0,0.0,1.0,32.0,9.0,0.0,2.0,1.0,0.0,133112.41,0.0
550.0,2.0,1.0,62.0,7.0,80927.56,1.0,0.0,1.0,64490.67,0.0
595.0,1.0,0.0,41.0,2.0,138878.81,1.0,0.0,1.0,112269.67,0.0
543.0,2.0,1.0,41.0,5.0,0.0,2.0,0.0,1.0,143980.29,0.0
496.0,0.0,0.0,29.0,4.0,0.0,2.0,1.0,0.0,164806.89,0.0
768.0,0.0,0.0,28.0,3.0,109118.05,2.0,0.0,1.0,50911.41,0.0
782.0,2.0,0.0,27.0,3.0,0.0,2.0,1.0,0.0,143614.01,0.0
548.0,0.0,0.0,33.0,1.0,80107.83,2.0,0.0,1.0,82245.67,0.0
587.0,1.0,1.0,33.0,6.0,132603.36,1.0,1.0,0.0,55775.72,0.0
784.0,2.0,1.0,38.0,10.0,122267.85,1.0,0.0,0.0,145759.93,0.0
767.0,0.0,0.0,35.0,2.0,0.0,2.0,0.0,0.0,144251.38,0.0
684.0,1.0,1.0,18.0,9.0,90544.0,1.0,0.0,1.0,4777.23,0.0
663.0,1.0,0.0,46.0,2.0,141726.88,1.0,1.0,1.0,58257.23,0.0
790.0,2.0,1.0,32.0,3.0,0.0,1.0,1.0,0.0,91044.47,0.0
764.0,0.0,0.0,24.0,7.0,0.0,2.0,1.0,0.0,186105.99,0.0
452.0,2.0,1.0,44.0,3.0,88915.85,1.0,1.0,0.0,69697.74,0.0
662.0,0.0,0.0,38.0,2.0,96479.81,1.0,1.0,0.0,120259.41,0.0
729.0,0.0,1.0,39.0,4.0,121404.64,1.0,1.0,1.0,159618.17,0.0
777.0,1.0,0.0,34.0,5.0,96693.66,1.0,1.0,1.0,172618.52,0.0
640.0,1.0,1.0,45.0,8.0,120591.19,1.0,0.0,0.0,195123.94,0.0
748.0,0.0,0.0,20.0,7.0,0.0,2.0,0.0,0.0,10792.42,0.0
562.0,0.0,1.0,48.0,3.0,92347.96,1.0,1.0,1.0,163116.75,0.0
810.0,0.0,0.0,38.0,9.0,153166.17,1.0,1.0,1.0,93261.69,0.0
769.0,0.0,1.0,48.0,2.0,96542.16,2.0,0.0,1.0,197885.72,0.0
687.0,0.0,1.0,48.0,4.0,0.0,2.0,1.0,1.0,170893.85,0.0
658.0,1.0,1.0,37.0,3.0,168735.74,2.0,0.0,0.0,70370.24,0.0
671.0,0.0,0.0,29.0,3.0,0.0,2.0,1.0,0.0,158043.11,0.0
623.0,0.0,0.0,39.0,1.0,160903.2,1.0,0.0,0.0,78774.36,0.0
529.0,2.0,1.0,35.0,5.0,95772.97,1.0,1.0,1.0,112781.5,0.0
638.0,2.0,1.0,30.0,9.0,136808.53,2.0,1.0,1.0,106642.97,0.0
705.0,2.0,1.0,33.0,7.0,68423.89,1.0,1.0,1.0,64872.55,0.0
785.0,0.0,0.0,34.0,9.0,70302.48,1.0,1.0,1.0,68600.36,0.0
519.0,0.0,0.0,21.0,1.0,146329.57,2.0,1.0,1.0,194867.27,0.0
769.0,1.0,0.0,31.0,7.0,148913.72,2.0,1.0,0.0,53817.23,0.0
560.0,0.0,0.0,31.0,3.0,115141.18,1.0,1.0,0.0,39806.75,0.0
559.0,0.0,1.0,34.0,2.0,137390.11,2.0,1.0,0.0,9677.0,0.0
687.0,0.0,0.0,47.0,7.0,0.0,2.0,1.0,1.0,177624.01,0.0
675.0,2.0,1.0,36.0,9.0,106190.55,1.0,0.0,1.0,22994.32,0.0
664.0,1.0,1.0,33.0,7.0,97286.16,2.0,1.0,0.0,143433.33,0.0
630.0,1.0,0.0,28.0,8.0,106425.75,1.0,1.0,1.0,20344.84,0.0
733.0,1.0,1.0,40.0,5.0,125725.02,2.0,1.0,1.0,50783.1,0.0
589.0,0.0,1.0,38.0,2.0,0.0,1.0,1.0,0.0,79915.28,0.0
749.0,0.0,0.0,26.0,6.0,0.0,2.0,0.0,1.0,34948.77,0.0
620.0,2.0,1.0,29.0,9.0,0.0,2.0,1.0,0.0,13133.88,0.0
682.0,0.0,1.0,40.0,4.0,0.0,1.0,0.0,1.0,105352.55,0.0
634.0,1.0,1.0,74.0,5.0,108891.7,1.0,1.0,0.0,10078.02,0.0
786.0,2.0,1.0,40.0,6.0,0.0,2.0,0.0,0.0,41248.8,0.0
664.0,1.0,1.0,39.0,7.0,60263.23,1.0,1.0,0.0,170835.32,0.0
521.0,1.0,0.0,29.0,2.0,87212.8,1.0,1.0,1.0,994.86,0.0
516.0,0.0,0.0,47.0,6.0,109387.33,1.0,0.0,0.0,121365.45,0.0
658.0,2.0,1.0,21.0,7.0,0.0,2.0,0.0,1.0,154279.87,0.0
541.0,1.0,1.0,51.0,7.0,90373.28,2.0,1.0,0.0,179861.79,0.0
602.0,1.0,0.0,48.0,7.0,76595.08,2.0,0.0,0.0,127095.14,0.0
492.0,0.0,1.0,35.0,4.0,141359.37,2.0,1.0,0.0,39519.53,0.0
553.0,2.0,1.0,42.0,7.0,0.0,2.0,1.0,0.0,7680.23,0.0
686.0,1.0,0.0,39.0,4.0,157731.6,2.0,1.0,0.0,162820.6,0.0
572.0,0.0,1.0,37.0,1.0,133043.66,1.0,0.0,0.0,111243.09,0.0
823.0,0.0,1.0,38.0,1.0,0.0,2.0,1.0,0.0,156603.7,0.0
488.0,0.0,0.0,34.0,2.0,0.0,2.0,1.0,1.0,181270.84,0.0
769.0,2.0,1.0,41.0,1.0,72509.91,1.0,1.0,0.0,25723.73,0.0
518.0,0.0,0.0,27.0,1.0,133801.49,1.0,1.0,1.0,143315.57,0.0
592.0,0.0,0.0,31.0,2.0,84102.11,2.0,0.0,1.0,116385.24,0.0
650.0,1.0,0.0,35.0,3.0,165982.43,2.0,1.0,1.0,24482.16,0.0
587.0,1.0,0.0,38.0,0.0,132122.42,2.0,0.0,0.0,31730.32,0.0
776.0,0.0,0.0,31.0,5.0,0.0,2.0,1.0,0.0,92647.94,0.0
677.0,2.0,0.0,34.0,4.0,0.0,2.0,1.0,1.0,6175.53,0.0
609.0,2.0,1.0,32.0,4.0,99883.16,1.0,1.0,1.0,120594.85,0.0
693.0,1.0,0.0,37.0,6.0,95900.04,1.0,1.0,1.0,38196.24,0.0
715.0,0.0,1.0,28.0,7.0,160376.61,1.0,0.0,0.0,196853.11,0.0
607.0,0.0,0.0,27.0,2.0,0.0,2.0,1.0,0.0,63495.86,0.0
601.0,0.0,0.0,46.0,3.0,98202.76,1.0,0.0,0.0,137763.93,0.0
690.0,1.0,1.0,32.0,0.0,106683.52,2.0,1.0,1.0,137916.49,0.0
640.0,1.0,1.0,33.0,8.0,81677.22,2.0,0.0,0.0,34925.56,0.0
462.0,0.0,1.0,39.0,4.0,140133.08,2.0,0.0,0.0,131304.45,0.0
501.0,0.0,0.0,34.0,5.0,0.0,1.0,1.0,0.0,27380.99,0.0
606.0,0.0,1.0,40.0,6.0,119501.88,2.0,1.0,0.0,46774.94,0.0
680.0,0.0,0.0,47.0,5.0,0.0,2.0,1.0,1.0,179843.33,0.0
531.0,0.0,1.0,29.0,3.0,114590.58,1.0,0.0,0.0,75585.48,0.0
687.0,2.0,0.0,21.0,8.0,0.0,2.0,1.0,1.0,154767.34,0.0
653.0,1.0,1.0,31.0,2.0,154741.45,2.0,0.0,0.0,25183.01,0.0
523.0,2.0,0.0,24.0,5.0,172231.93,1.0,0.0,1.0,155144.12,0.0
678.0,2.0,1.0,27.0,2.0,0.0,2.0,1.0,1.0,13221.25,0.0
850.0,0.0,1.0,28.0,8.0,67639.56,2.0,1.0,1.0,194245.29,0.0
811.0,1.0,0.0,34.0,1.0,149297.19,2.0,1.0,1.0,186339.74,0.0
604.0,2.0,0.0,26.0,3.0,0.0,2.0,1.0,0.0,155248.62,0.0
589.0,0.0,1.0,34.0,6.0,0.0,2.0,1.0,1.0,177896.92,0.0
683.0,2.0,1.0,34.0,9.0,114609.55,2.0,0.0,1.0,25339.29,0.0
650.0,0.0,0.0,27.0,6.0,0.0,2.0,1.0,0.0,1002.39,0.0
645.0,0.0,0.0,37.0,1.0,0.0,2.0,1.0,1.0,68987.55,0.0
822.0,0.0,1.0,37.0,3.0,105563.0,1.0,1.0,0.0,182624.93,0.0
640.0,2.0,1.0,37.0,5.0,158024.38,1.0,1.0,0.0,81298.09,0.0
668.0,0.0,1.0,38.0,10.0,86977.96,1.0,0.0,1.0,37094.75,0.0
639.0,0.0,0.0,31.0,3.0,98360.03,1.0,0.0,0.0,20973.8,0.0
524.0,0.0,1.0,40.0,2.0,180516.9,1.0,1.0,0.0,180002.42,0.0
729.0,0.0,1.0,44.0,6.0,0.0,2.0,1.0,0.0,151733.43,0.0
642.0,0.0,1.0,62.0,7.0,0.0,2.0,1.0,1.0,61120.75,0.0
589.0,1.0,1.0,48.0,5.0,126111.61,1.0,0.0,1.0,133961.19,0.0
562.0,0.0,1.0,42.0,2.0,100238.35,1.0,0.0,0.0,86797.41,0.0
734.0,2.0,1.0,39.0,6.0,0.0,1.0,1.0,1.0,95135.27,0.0
749.0,0.0,1.0,42.0,1.0,129776.72,2.0,0.0,1.0,143538.51,0.0
722.0,0.0,0.0,35.0,2.0,163943.89,2.0,1.0,1.0,15068.18,0.0
662.0,0.0,0.0,29.0,10.0,0.0,2.0,1.0,0.0,137508.31,0.0
810.0,1.0,1.0,35.0,3.0,96814.46,2.0,1.0,1.0,120511.03,0.0
581.0,0.0,0.0,27.0,5.0,102258.11,2.0,1.0,0.0,194681.6,0.0
648.0,1.0,1.0,33.0,5.0,138664.24,1.0,1.0,0.0,29076.27,0.0
831.0,1.0,1.0,32.0,9.0,80262.66,1.0,1.0,0.0,194867.78,0.0
773.0,1.0,1.0,51.0,8.0,116197.65,2.0,1.0,1.0,86701.4,0.0
580.0,1.0,0.0,33.0,7.0,131647.01,2.0,0.0,0.0,79775.19,0.0
660.0,0.0,0.0,32.0,0.0,114668.89,1.0,1.0,0.0,84605.0,0.0
550.0,0.0,0.0,22.0,7.0,139096.85,1.0,1.0,0.0,129890.94,0.0
683.0,0.0,1.0,38.0,7.0,109346.13,2.0,1.0,0.0,102665.92,0.0
494.0,0.0,0.0,35.0,9.0,112727.06,2.0,1.0,0.0,183752.91,0.0
723.0,1.0,0.0,28.0,5.0,91938.31,1.0,1.0,0.0,143481.85,0.0
683.0,2.0,0.0,24.0,8.0,98567.1,1.0,1.0,0.0,187987.01,0.0
645.0,1.0,1.0,49.0,4.0,160133.88,1.0,0.0,1.0,88391.97,0.0
698.0,1.0,0.0,40.0,8.0,150777.1,1.0,1.0,0.0,114732.62,0.0
604.0,0.0,0.0,32.0,7.0,127849.38,1.0,1.0,0.0,15798.7,0.0
686.0,1.0,1.0,39.0,3.0,129626.19,2.0,1.0,1.0,103220.56,0.0
838.0,2.0,0.0,41.0,5.0,0.0,2.0,1.0,0.0,81313.51,0.0
624.0,2.0,1.0,33.0,6.0,0.0,2.0,0.0,0.0,76551.7,0.0
850.0,0.0,0.0,27.0,7.0,43658.33,2.0,1.0,1.0,3025.49,0.0
679.0,0.0,0.0,33.0,6.0,0.0,2.0,1.0,1.0,98015.85,0.0
492.0,1.0,1.0,39.0,10.0,124576.65,2.0,1.0,0.0,148584.61,0.0
780.0,0.0,1.0,76.0,10.0,121313.88,1.0,0.0,1.0,64872.33,0.0
738.0,0.0,1.0,18.0,4.0,0.0,2.0,1.0,1.0,47799.15,0.0
527.0,0.0,0.0,32.0,7.0,0.0,2.0,1.0,1.0,44099.75,0.0
671.0,0.0,1.0,34.0,7.0,106603.74,2.0,1.0,1.0,26387.71,0.0
734.0,0.0,1.0,51.0,1.0,118537.47,1.0,1.0,1.0,116912.45,0.0
534.0,0.0,1.0,27.0,9.0,0.0,2.0,1.0,0.0,161344.13,0.0
769.0,0.0,0.0,25.0,10.0,0.0,2.0,0.0,0.0,187925.75,0.0
705.0,2.0,0.0,24.0,5.0,177799.83,2.0,0.0,0.0,79886.06,0.0
636.0,0.0,1.0,34.0,1.0,84055.43,1.0,0.0,0.0,37490.84,0.0
759.0,0.0,0.0,38.0,1.0,104091.29,1.0,0.0,0.0,91561.91,0.0
595.0,1.0,0.0,25.0,7.0,106570.34,2.0,0.0,1.0,177025.79,0.0
767.0,0.0,0.0,44.0,2.0,152509.25,1.0,1.0,1.0,136915.15,0.0
697.0,2.0,0.0,25.0,5.0,82931.85,2.0,1.0,1.0,128373.88,0.0
675.0,0.0,0.0,21.0,8.0,98373.26,1.0,1.0,0.0,18203.0,0.0
794.0,2.0,1.0,33.0,8.0,0.0,2.0,0.0,0.0,91340.02,0.0
639.0,0.0,0.0,38.0,5.0,0.0,2.0,0.0,0.0,93716.38,0.0
744.0,2.0,1.0,44.0,5.0,120654.68,1.0,1.0,0.0,82290.81,0.0
698.0,0.0,1.0,33.0,5.0,135658.73,2.0,0.0,1.0,39755.0,0.0
554.0,2.0,0.0,27.0,4.0,0.0,2.0,1.0,1.0,135083.73,0.0
749.0,0.0,0.0,33.0,1.0,74385.98,1.0,1.0,0.0,20164.47,0.0
793.0,2.0,1.0,25.0,3.0,100913.57,1.0,0.0,0.0,10579.72,0.0
695.0,2.0,1.0,35.0,7.0,0.0,2.0,1.0,0.0,160387.98,0.0
658.0,0.0,1.0,29.0,4.0,80262.6,1.0,1.0,1.0,20612.82,0.0
763.0,0.0,1.0,40.0,3.0,0.0,2.0,1.0,0.0,134281.11,0.0
593.0,0.0,0.0,29.0,2.0,152265.43,1.0,1.0,0.0,34004.44,0.0
524.0,1.0,0.0,31.0,10.0,67238.98,2.0,1.0,1.0,161811.23,0.0
596.0,2.0,1.0,67.0,6.0,0.0,2.0,1.0,1.0,138350.74,0.0
680.0,2.0,0.0,34.0,7.0,0.0,2.0,1.0,0.0,98949.85,0.0
465.0,0.0,1.0,33.0,8.0,0.0,2.0,1.0,0.0,177668.55,0.0
549.0,0.0,0.0,34.0,4.0,0.0,2.0,0.0,0.0,139463.57,0.0
611.0,0.0,0.0,37.0,6.0,0.0,2.0,1.0,0.0,110782.88,0.0
468.0,1.0,1.0,29.0,1.0,111681.98,2.0,1.0,1.0,195711.16,0.0
696.0,1.0,1.0,43.0,4.0,114091.38,1.0,0.0,1.0,159888.1,0.0
580.0,2.0,1.0,29.0,9.0,61710.44,2.0,1.0,0.0,128077.8,0.0
768.0,0.0,1.0,54.0,8.0,69712.74,1.0,1.0,1.0,69381.05,0.0
550.0,0.0,1.0,32.0,8.0,97514.07,1.0,1.0,1.0,199138.84,0.0
554.0,2.0,1.0,42.0,1.0,0.0,2.0,0.0,1.0,183492.9,0.0
739.0,0.0,1.0,29.0,1.0,0.0,2.0,1.0,1.0,164484.78,0.0
477.0,1.0,1.0,48.0,8.0,129250.0,2.0,1.0,1.0,157937.35,0.0
653.0,2.0,0.0,36.0,3.0,0.0,2.0,0.0,0.0,110525.6,0.0
689.0,2.0,1.0,40.0,2.0,0.0,2.0,1.0,1.0,164768.82,0.0
719.0,2.0,0.0,32.0,7.0,0.0,1.0,0.0,0.0,76264.27,0.0
654.0,2.0,0.0,36.0,5.0,0.0,2.0,0.0,0.0,157238.05,0.0
714.0,1.0,1.0,28.0,7.0,77776.39,1.0,1.0,0.0,177737.07,0.0
543.0,0.0,1.0,43.0,9.0,0.0,2.0,1.0,1.0,78858.07,0.0
749.0,0.0,1.0,41.0,5.0,57568.94,1.0,1.0,1.0,61128.29,0.0
600.0,0.0,0.0,43.0,5.0,134022.06,1.0,1.0,0.0,194764.83,0.0
749.0,0.0,1.0,42.0,2.0,56726.83,2.0,0.0,1.0,185543.35,0.0
